,0,1,2,3,4,5,6,7,8,9,10,11,12,13,14,15,16,17
0,0.0,238.0,800.0,1120.0,1357.0,1946.0,3667.0,1449.0,1723.0,1714.0,1470.0,1969.0,1102.0,1725.0,1701.0,3200.0,2890.0,2304.0
1,0.0,0.0,254.0,939.0,1303.0,1920.0,3872.0,1653.0,1696.0,1445.0,949.0,1926.0,1199.0,1537.0,1357.0,3297.0,2863.0,2141.0
2,0.0,0.0,0.0,657.0,1021.0,1842.0,4049.0,1830.0,1619.0,1751.0,770.0,1644.0,1401.0,1813.0,1140.0,3499.0,2786.0,1860.0
3,0.0,0.0,0.0,0.0,364.0,1596.0,4424.0,2090.0,1378.0,2073.0,1069.0,987.0,2077.0,2164.0,1439.0,4145.0,2225.0,1350.0
4,0.0,0.0,0.0,0.0,0.0,1285.0,4539.0,2205.0,1493.0,2432.0,1428.0,623.0,2282.0,2523.0,1798.0,4269.0,1861.0,1073.0
5,0.0,0.0,0.0,0.0,0.0,0.0,3972.0,1697.0,578.0,3195.0,2191.0,1054.0,2711.0,3371.0,2562.0,4498.0,1232.0,1647.0
6,0.0,0.0,0.0,0.0,0.0,0.0,0.0,2563.0,3633.0,4220.0,4786.0,4821.0,3431.0,4231.0,5017.0,3778.0,4332.0,5414.0
7,0.0,0.0,0.0,0.0,0.0,0.0,0.0,0.0,1347.0,2200.0,2502.0,2368.0,1486.0,2212.0,2733.0,3177.0,2539.0,2961.0
8,0.0,0.0,0.0,0.0,0.0,0.0,0.0,0.0,0.0,3031.0,2028.0,1414.0,2499.0,3173.0,2398.0,4278.0,1314.0,2007.0
9,0.0,0.0,0.0,0.0,0.0,0.0,0.0,0.0,0.0,0.0,1257.0,3127.0,1128.0,151.0,1107.0,3225.0,4407.0,3342.0
10,0.0,0.0,0.0,0.0,0.0,0.0,0.0,0.0,0.0,0.0,0.0,2097.0,1874.0,1298.0,378.0,3972.0,3275.0,2312.0
11,0.0,0.0,0.0,0.0,0.0,0.0,0.0,0.0,0.0,0.0,0.0,0.0,2879.0,3132.0,2407.0,4853.0,1677.0,593.0
12,0.0,0.0,0.0,0.0,0.0,0.0,0.0,0.0,0.0,0.0,0.0,0.0,0.0,1143.0,2154.0,2247.0,3773.0,3324.0
13,0.0,0.0,0.0,0.0,0.0,0.0,0.0,0.0,0.0,0.0,0.0,0.0,0.0,0.0,1189.0,3236.0,4418.0,3424.0
14,0.0,0.0,0.0,0.0,0.0,0.0,0.0,0.0,0.0,0.0,0.0,0.0,0.0,0.0,0.0,4262.0,3657.0,2694.0
15,0.0,0.0,0.0,0.0,0.0,0.0,0.0,0.0,0.0,0.0,0.0,0.0,0.0,0.0,0.0,0.0,5576.0,5345.0
16,0.0,0.0,0.0,0.0,0.0,0.0,0.0,0.0,0.0,0.0,0.0,0.0,0.0,0.0,0.0,0.0,0.0,1892.0
17,0.0,0.0,0.0,0.0,0.0,0.0,0.0,0.0,0.0,0.0,0.0,0.0,0.0,0.0,0.0,0.0,0.0,0.0
18,0.0,275.0,1126.0,1557.0,1857.0,2534.0,5071.0,1901.0,2314.0,2428.0,2058.0,2699.0,1511.0,2445.0,2348.0,4378.0,3733.0,3220.0
19,0.0,0.0,353.0,1305.0,1812.0,2507.0,5353.0,2183.0,2287.0,2023.0,1339.0,2671.0,1678.0,2146.0,1871.0,4545.0,3706.0,2997.0
20,0.0,0.0,0.0,919.0,1426.0,2415.0,5614.0,2444.0,2195.0,2437.0,1089.0,2285.0,1978.0,2545.0,1613.0,4845.0,3614.0,2611.0
21,0.0,0.0,0.0,0.0,507.0,2108.0,6150.0,2812.0,1893.0,2912.0,1496.0,1366.0,2786.0,3035.0,2020.0,5662.0,2891.0,1900.0
22,0.0,0.0,0.0,0.0,0.0,1682.0,6310.0,2972.0,2053.0,3419.0,2003.0,858.0,3175.0,3542.0,2527.0,5828.0,2383.0,1508.0
23,0.0,0.0,0.0,0.0,0.0,0.0,5465.0,2247.0,776.0,4457.0,3041.0,1439.0,3804.0,4649.0,3565.0,6164.0,1527.0,2284.0
24,0.0,0.0,0.0,0.0,0.0,0.0,0.0,3447.0,4972.0,5937.0,6700.0,6738.0,4819.0,5954.0,6990.0,5282.0,5649.0,7583.0
25,0.0,0.0,0.0,0.0,0.0,0.0,0.0,0.0,1842.0,3127.0,3455.0,3222.0,2132.0,3144.0,3745.0,4452.0,3344.0,4067.0
26,0.0,0.0,0.0,0.0,0.0,0.0,0.0,0.0,0.0,4236.0,2820.0,1964.0,3512.0,4437.0,3344.0,5886.0,1661.0,2809.0
27,0.0,0.0,0.0,0.0,0.0,0.0,0.0,0.0,0.0,0.0,1725.0,4272.0,1567.0,211.0,1524.0,4434.0,5850.0,4598.0
28,0.0,0.0,0.0,0.0,0.0,0.0,0.0,0.0,0.0,0.0,0.0,2864.0,2528.0,1851.0,534.0,5395.0,4242.0,3190.0
29,0.0,0.0,0.0,0.0,0.0,0.0,0.0,0.0,0.0,0.0,0.0,0.0,4016.0,4400.0,3385.0,6658.0,2125.0,844.0
30,0.0,0.0,0.0,0.0,0.0,0.0,0.0,0.0,0.0,0.0,0.0,0.0,0.0,1584.0,2967.0,3071.0,4968.0,4513.0
31,0.0,0.0,0.0,0.0,0.0,0.0,0.0,0.0,0.0,0.0,0.0,0.0,0.0,0.0,1647.0,4451.0,5867.0,4721.0
32,0.0,0.0,0.0,0.0,0.0,0.0,0.0,0.0,0.0,0.0,0.0,0.0,0.0,0.0,0.0,5907.0,4766.0,3714.0
33,0.0,0.0,0.0,0.0,0.0,0.0,0.0,0.0,0.0,0.0,0.0,0.0,0.0,0.0,0.0,0.0,7502.0,7420.0
34,0.0,0.0,0.0,0.0,0.0,0.0,0.0,0.0,0.0,0.0,0.0,0.0,0.0,0.0,0.0,0.0,0.0,2749.0
35,0.0,0.0,0.0,0.0,0.0,0.0,0.0,0.0,0.0,0.0,0.0,0.0,0.0,0.0,0.0,0.0,0.0,0.0
